{
  "type": "target_self",
  "fluid": "minecraft:lava",
  "priority": 0,
  "generate": {
    "Name": "minecraft:calcite"
  },
  "adjacent_blocks": {
    "any": [
      {
        "block_state": {
          "Name": "minecraft:structure_block"
        },
        "predicate_type": "minecraft:blockstate_match"
      },
      {
        "block_state": {
          "Name": "minecraft:structure_block"
        },
        "predicate_type": "minecraft:blockstate_match"
      }
    ],
    "down": {
      "block_state": {
        "Name": "minecraft:structure_block",
        "Properties": {
          "axis": "y"
        }
      },
      "predicate_type": "minecraft:blockstate_match"
    }
  }
}