{
	"type": "target_self",
	"fluid": "minecraft:lava",
	"generate": {
		"Name": "minecraft:smooth_basalt"
	},
	"adjacent_blocks": {
		"sides": [
			{
				"fluids": "#minecraft:water",
				"predicate_type": "immersive_weathering:fluid_match"
			}
		],
		"any": [
			{
				"block_state": {
					"Name": "minecraft:structure_block"
				},
				"predicate_type": "minecraft:blockstate_match"
			}
		],
		"down": {
			"block_state": {
				"Name": "minecraft:structure_block"
			},
			"predicate_type": "minecraft:blockstate_match"
		}
	}
}